S000000043	YAL045C	S. cerevisiae	""	""
S000000061	YAL066W	S. cerevisiae	""	""
S000000083	YAR047C	S. cerevisiae	""	""
S000000085	YAR053W	S. cerevisiae	""	""
S000000086	YAR060C	S. cerevisiae	""	""
S000000092	YAR069C	S. cerevisiae	""	""
S000000093	YAR070C	S. cerevisiae	""	""
S000000095	YAR073W	S. cerevisiae	IMD1	IMP Dehydrogenase
S000000108	YBL012C	S. cerevisiae	""	""
S000000149	YBL053W	S. cerevisiae	""	""
S000000158	YBL062W	S. cerevisiae	""	""
S000000161	YBL065W	S. cerevisiae	""	""
S000000166	YBL070C	S. cerevisiae	""	""
S000000169	YBL073W	S. cerevisiae	""	""
S000000173	YBL077W	S. cerevisiae	""	""
S000000179	YBL083C	S. cerevisiae	""	""
S000000190	YBL094C	S. cerevisiae	""	""
S000000192	YBL096C	S. cerevisiae	""	""
S000000196	YBL100C	S. cerevisiae	""	""
S000000204	YBL108W	S. cerevisiae	""	""
S000000216	YBR012C	S. cerevisiae	""	""
S000000255	YBR051W	S. cerevisiae	""	""
S000000268	YBR064W	S. cerevisiae	""	""
S000000293	YBR089W	S. cerevisiae	""	""
S000000303	YBR099C	S. cerevisiae	""	""
S000000317	YBR113W	S. cerevisiae	""	""
S000000320	YBR116C	S. cerevisiae	""	""
S000000328	YBR124W	S. cerevisiae	""	""
S000000338	YBR134W	S. cerevisiae	""	""
S000000378	YBR174C	S. cerevisiae	""	""
S000000382	YBR178W	S. cerevisiae	""	""
S000000394	YBR190W	S. cerevisiae	""	""
S000000410	YBR206W	S. cerevisiae	""	""
S000000428	YBR224W	S. cerevisiae	""	""
S000000430	YBR226C	S. cerevisiae	""	""
S000000436	YBR232C	S. cerevisiae	""	""
S000000470	YBR266C	S. cerevisiae	SLM6	Synthetic Lethal with Mss4
S000000481	YBR277C	S. cerevisiae	""	""
S000000504	YBR300C	S. cerevisiae	""	""
S000000513	YCL007C	S. cerevisiae	""	""
S000000527	YCL022C	S. cerevisiae	""	""
S000000528	YCL023C	S. cerevisiae	""	""
S000000546	YCL041C	S. cerevisiae	""	""
S000000551	YCL046W	S. cerevisiae	""	""
S000000570	YCL065W	S. cerevisiae	""	""
S000000581	YCL076W	S. cerevisiae	""	""
S000000606	YCR013C	S. cerevisiae	""	""
S000000645	YCR049C	S. cerevisiae	""	""
S000000660	YCR064C	S. cerevisiae	""	""
S000000683	YCR087W	S. cerevisiae	""	""
S000000736	YEL010W	S. cerevisiae	""	""
S000000771	YEL045C	S. cerevisiae	""	""
S000000785	YEL059W	S. cerevisiae	HHY1	Hypersensitivity to HYgromycin B
S000000800	YEL074W	S. cerevisiae	""	""
S000000899	YER097W	S. cerevisiae	""	""
S000001037	YHL045W	S. cerevisiae	""	""
S000001137	YHR095W	S. cerevisiae	""	""
S000001188	YHR145C	S. cerevisiae	""	""
S000001255	YHR212C	S. cerevisiae	""	""
S000001260	YHR217C	S. cerevisiae	""	""
S000001287	YIL025C	S. cerevisiae	""	""
S000001290	YIL028W	S. cerevisiae	""	""
S000001294	YIL032C	S. cerevisiae	""	""
S000001320	YIL058W	S. cerevisiae	""	""
S000001321	YIL059C	S. cerevisiae	""	""
S000001344	YIL082W	S. cerevisiae	""	""
S000001362	YIL100W	S. cerevisiae	""	""
S000001403	YIL141W	S. cerevisiae	""	""
S000001479	YIR040C	S. cerevisiae	""	""
S000001513	YKL030W	S. cerevisiae	""	""
S000001514	YKL031W	S. cerevisiae	""	""
S000001519	YKL036C	S. cerevisiae	""	""
S000001536	YKL053W	S. cerevisiae	""	""
S000001549	YKL066W	S. cerevisiae	""	""
S000001559	YKL076C	S. cerevisiae	PSY1	Platinum SensitivitY
S000001566	YKL083W	S. cerevisiae	""	""
S000001594	YKL111C	S. cerevisiae	""	""
S000001598	YKL115C	S. cerevisiae	""	""
S000001601	YKL118W	S. cerevisiae	""	""
S000001606	YKL123W	S. cerevisiae	""	""
S000001614	YKL131W	S. cerevisiae	""	""
S000001619	YKL136W	S. cerevisiae	""	""
S000001630	YKL147C	S. cerevisiae	""	""
S000001636	YKL153W	S. cerevisiae	""	""
S000001652	YKL169C	S. cerevisiae	""	""
S000001660	YKL177W	S. cerevisiae	""	""
S000001685	YKL202W	S. cerevisiae	""	""
S000001706	YKL223W	S. cerevisiae	""	""
S000001708	YKL225W	S. cerevisiae	""	""
S000001720	YKR012C	S. cerevisiae	""	""
S000001741	YKR033C	S. cerevisiae	""	""
S000001743	YKR035C	S. cerevisiae	OPI8	OverProducer of Inositol
S000001748	YKR040C	S. cerevisiae	""	""
S000001755	YKR047W	S. cerevisiae	""	""
S000001821	YAR030C	S. cerevisiae	""	""
S000001831	YFL063W	S. cerevisiae	""	""
S000001862	YFL032W	S. cerevisiae	""	""
S000001951	YFR056C	S. cerevisiae	""	""
S000002136	YAL004W	S. cerevisiae	""	""
S000002137	YAL034C-B	S. cerevisiae	""	""
S000002138	YAL042C-A	S. cerevisiae	""	""
S000002139	YAL056C-A	S. cerevisiae	""	""
S000002143	YAL069W	S. cerevisiae	""	""
S000002145	YAR075W	S. cerevisiae	""	""
S000002150	YBL109W	S. cerevisiae	""	""
S000002169	YDL011C	S. cerevisiae	""	""
S000002174	YDL016C	S. cerevisiae	""	""
S000002181	YDL023C	S. cerevisiae	""	""
S000002184	YDL026W	S. cerevisiae	""	""
S000002190	YDL032W	S. cerevisiae	""	""
S000002192	YDL034W	S. cerevisiae	""	""
S000002199	YDL041W	S. cerevisiae	""	""
S000002208	YDL050C	S. cerevisiae	""	""
S000002220	YDL062W	S. cerevisiae	""	""
S000002226	YDL068W	S. cerevisiae	""	""
S000002229	YDL071C	S. cerevisiae	""	""
S000002252	YDL094C	S. cerevisiae	""	""
S000002254	YDL096C	S. cerevisiae	OPI6	OverProducer of Inositol
S000002276	YDL118W	S. cerevisiae	""	""
S000002310	YDL151C	S. cerevisiae	BUD30	BUD site selection
S000002311	YDL152W	S. cerevisiae	""	""
S000002317	YDL158C	S. cerevisiae	""	""
S000002321	YDL162C	S. cerevisiae	""	""
S000002322	YDL163W	S. cerevisiae	""	""
S000002331	YDL172C	S. cerevisiae	""	""
S000002346	YDL187C	S. cerevisiae	""	""
S000002355	YDL196W	S. cerevisiae	""	""
S000002380	YDL221W	S. cerevisiae	""	""
S000002387	YDL228C	S. cerevisiae	""	""
S000002415	YDR008C	S. cerevisiae	""	""
S000002422	YDR015C	S. cerevisiae	""	""
S000002431	YDR024W	S. cerevisiae	FYV1	Function required for Yeast Viability
S000002455	YDR048C	S. cerevisiae	""	""
S000002460	YDR053W	S. cerevisiae	""	""
S000002501	YDR094W	S. cerevisiae	""	""
S000002502	YDR095C	S. cerevisiae	""	""
S000002519	YDR112W	S. cerevisiae	IRC2	Increased Recombination Centers
S000002540	YDR133C	S. cerevisiae	""	""
S000002543	YDR136C	S. cerevisiae	VPS61	Vacuolar Protein Sorting
S000002556	YDR149C	S. cerevisiae	""	""
S000002561	YDR154C	S. cerevisiae	""	""
S000002595	YDR187C	S. cerevisiae	""	""
S000002601	YDR193W	S. cerevisiae	""	""
S000002607	YDR199W	S. cerevisiae	""	""
S000002611	YDR203W	S. cerevisiae	""	""
S000002628	YDR220C	S. cerevisiae	""	""
S000002638	YDR230W	S. cerevisiae	""	""
S000002649	YDR241W	S. cerevisiae	BUD26	BUD site selection
S000002658	YDR250C	S. cerevisiae	""	""
S000002677	YDR269C	S. cerevisiae	""	""
S000002679	YDR271C	S. cerevisiae	""	""
S000002698	YDR290W	S. cerevisiae	""	""
S000002735	YDR327W	S. cerevisiae	""	""
S000002748	YDR340W	S. cerevisiae	""	""
S000002763	YDR355C	S. cerevisiae	""	""
S000002768	YDR360W	S. cerevisiae	OPI7	OverProducer of Inositol
S000002804	YDR396W	S. cerevisiae	""	""
S000002809	YDR401W	S. cerevisiae	""	""
S000002821	YDR413C	S. cerevisiae	""	""
S000002825	YDR417C	S. cerevisiae	""	""
S000002834	YDR426C	S. cerevisiae	""	""
S000002839	YDR431W	S. cerevisiae	""	""
S000002841	YDR433W	S. cerevisiae	""	""
S000002850	YDR442W	S. cerevisiae	""	""
S000002853	YDR445C	S. cerevisiae	""	""
S000002863	YDR455C	S. cerevisiae	""	""
S000002875	YDR467C	S. cerevisiae	""	""
S000002899	YDR491C	S. cerevisiae	""	""
S000002917	YDR509W	S. cerevisiae	""	""
S000002929	YDR521W	S. cerevisiae	""	""
S000002934	YDR526C	S. cerevisiae	""	""
S000002943	YDR535C	S. cerevisiae	""	""
S000002945	YDR537C	S. cerevisiae	""	""
S000002951	YDR543C	S. cerevisiae	""	""
S000002952	YDR544C	S. cerevisiae	""	""
S000002956	YEL075W-A	S. cerevisiae	""	""
S000002959	YER066C-A	S. cerevisiae	""	""
S000002961	YER119C-A	S. cerevisiae	""	""
S000002964	YFL012W-A	S. cerevisiae	""	""
S000002992	YGL024W	S. cerevisiae	""	""
S000003009	YGL041C	S. cerevisiae	""	""
S000003010	YGL042C	S. cerevisiae	""	""
S000003020	YGL052W	S. cerevisiae	""	""
S000003037	YGL069C	S. cerevisiae	""	""
S000003040	YGL072C	S. cerevisiae	""	""
S000003042	YGL074C	S. cerevisiae	""	""
S000003070	YGL102C	S. cerevisiae	""	""
S000003077	YGL109W	S. cerevisiae	""	""
S000003100	YGL132W	S. cerevisiae	""	""
S000003120	YGL152C	S. cerevisiae	""	""
S000003133	YGL165C	S. cerevisiae	""	""
S000003145	YGL177W	S. cerevisiae	""	""
S000003150	YGL182C	S. cerevisiae	""	""
S000003156	YGL188C	S. cerevisiae	""	""
S000003167	YGL199C	S. cerevisiae	""	""
S000003182	YGL214W	S. cerevisiae	""	""
S000003185	YGL217C	S. cerevisiae	""	""
S000003186	YGL218W	S. cerevisiae	""	""
S000003208	YGL239C	S. cerevisiae	""	""
S000003243	YGR011W	S. cerevisiae	""	""
S000003254	YGR022C	S. cerevisiae	""	""
S000003283	YGR051C	S. cerevisiae	""	""
S000003296	YGR064W	S. cerevisiae	""	""
S000003301	YGR069W	S. cerevisiae	""	""
S000003305	YGR073C	S. cerevisiae	""	""
S000003339	YGR107W	S. cerevisiae	""	""
S000003346	YGR114C	S. cerevisiae	""	""
S000003347	YGR115C	S. cerevisiae	""	""
S000003369	YGR137W	S. cerevisiae	""	""
S000003371	YGR139W	S. cerevisiae	""	""
S000003383	YGR151C	S. cerevisiae	""	""
S000003392	YGR160W	S. cerevisiae	""	""
S000003408	YGR176W	S. cerevisiae	""	""
S000003414	YGR182C	S. cerevisiae	""	""
S000003422	YGR190C	S. cerevisiae	""	""
S000003451	YGR219W	S. cerevisiae	""	""
S000003458	YGR226C	S. cerevisiae	""	""
S000003460	YGR228W	S. cerevisiae	""	""
S000003474	YGR242W	S. cerevisiae	""	""
S000003491	YGR259C	S. cerevisiae	""	""
S000003497	YGR265W	S. cerevisiae	""	""
S000003501	YGR269W	S. cerevisiae	""	""
S000003522	YGR290W	S. cerevisiae	""	""
S000003523	YGR291C	S. cerevisiae	""	""
S000003525	YGR293C	S. cerevisiae	""	""
S000003532	YHR049C-A	S. cerevisiae	""	""
S000003535	YHR214W-A	S. cerevisiae	""	""
S000003546	YJL009W	S. cerevisiae	""	""
S000003552	YJL015C	S. cerevisiae	""	""
S000003559	YJL022W	S. cerevisiae	""	""
S000003569	YJL032W	S. cerevisiae	""	""
S000003600	YJL064W	S. cerevisiae	""	""
S000003603	YJL067W	S. cerevisiae	""	""
S000003611	YJL075C	S. cerevisiae	APQ13	""
S000003622	YJL086C	S. cerevisiae	""	""
S000003655	YJL119C	S. cerevisiae	""	""
S000003656	YJL120W	S. cerevisiae	""	""
S000003671	YJL135W	S. cerevisiae	""	""
S000003678	YJL142C	S. cerevisiae	IRC9	Increased Recombination Centers
S000003686	YJL150W	S. cerevisiae	""	""
S000003688	YJL152W	S. cerevisiae	""	""
S000003705	YJL169W	S. cerevisiae	""	""
S000003711	YJL175W	S. cerevisiae	""	""
S000003718	YJL182C	S. cerevisiae	""	""
S000003724	YJL188C	S. cerevisiae	BUD19	BUD site selection
S000003731	YJL195C	S. cerevisiae	""	""
S000003738	YJL202C	S. cerevisiae	""	""
S000003747	YJL211C	S. cerevisiae	""	""
S000003751	YJL215C	S. cerevisiae	""	""
S000003756	YJL220W	S. cerevisiae	""	""
S000003779	YJR018W	S. cerevisiae	""	""
S000003781	YJR020W	S. cerevisiae	""	""
S000003784	YJR023C	S. cerevisiae	""	""
S000003798	YJR037W	S. cerevisiae	""	""
S000003799	YJR038C	S. cerevisiae	""	""
S000003832	YJR071W	S. cerevisiae	""	""
S000003847	YJR087W	S. cerevisiae	""	""
S000003875	YJR114W	S. cerevisiae	""	""
S000003918	YJR157W	S. cerevisiae	""	""
S000003923	YJR162C	S. cerevisiae	""	""
S000003943	YLL020C	S. cerevisiae	""	""
S000003960	YLL037W	S. cerevisiae	""	""
S000003967	YLL044W	S. cerevisiae	""	""
S000003970	YLL047W	S. cerevisiae	""	""
S000003982	YLL059C	S. cerevisiae	""	""
S000003988	YLL065W	S. cerevisiae	""	""
S000004031	YLR041W	S. cerevisiae	""	""
S000004052	YLR062C	S. cerevisiae	BUD28	BUD site selection
S000004066	YLR076C	S. cerevisiae	""	""
S000004091	YLR101C	S. cerevisiae	""	""
S000004113	YLR123C	S. cerevisiae	""	""
S000004114	YLR124W	S. cerevisiae	""	""
S000004130	YLR140W	S. cerevisiae	""	""
S000004159	YLR169W	S. cerevisiae	""	""
S000004161	YLR171W	S. cerevisiae	""	""
S000004174	YLR184W	S. cerevisiae	""	""
S000004188	YLR198C	S. cerevisiae	""	""
S000004192	YLR202C	S. cerevisiae	""	""
S000004207	YLR217W	S. cerevisiae	""	""
S000004220	YLR230W	S. cerevisiae	""	""
S000004222	YLR232W	S. cerevisiae	""	""
S000004225	YLR235C	S. cerevisiae	""	""
S000004242	YLR252W	S. cerevisiae	""	""
S000004259	YLR269C	S. cerevisiae	""	""
S000004269	YLR279W	S. cerevisiae	""	""
S000004270	YLR280C	S. cerevisiae	""	""
S000004272	YLR282C	S. cerevisiae	""	""
S000004285	YLR294C	S. cerevisiae	""	""
S000004302	YLR311C	S. cerevisiae	""	""
S000004309	YLR317W	S. cerevisiae	""	""
S000004314	YLR322W	S. cerevisiae	VPS65	Vacuolar Protein Sorting
S000004326	YLR334C	S. cerevisiae	""	""
S000004330	YLR338W	S. cerevisiae	OPI9	OverProducer of Inositol
S000004331	YLR339C	S. cerevisiae	""	""
S000004341	YLR349W	S. cerevisiae	""	""
S000004358	YLR366W	S. cerevisiae	""	""
S000004366	YLR374C	S. cerevisiae	""	""
S000004371	YLR379W	S. cerevisiae	""	""
S000004392	YLR400W	S. cerevisiae	""	""
S000004394	YLR402W	S. cerevisiae	""	""
S000004408	YLR416C	S. cerevisiae	""	""
S000004420	YLR428C	S. cerevisiae	""	""
S000004426	YLR434C	S. cerevisiae	""	""
S000004436	YLR444C	S. cerevisiae	""	""
S000004450	YLR458W	S. cerevisiae	""	""
S000004455	YLR463C	S. cerevisiae	""	""
S000004457	YLR465C	S. cerevisiae	BSC3	Bypass of Stop Codon
S000004469	YML009C-A	S. cerevisiae	""	""
S000004471	YML009W-B	S. cerevisiae	""	""
S000004474	YML012C-A	S. cerevisiae	""	""
S000004499	YML034C-A	S. cerevisiae	""	""
S000004512	YML047W-A	S. cerevisiae	""	""
S000004522	YML057C-A	S. cerevisiae	""	""
S000004549	YML084W	S. cerevisiae	""	""
S000004554	YML089C	S. cerevisiae	""	""
S000004555	YML090W	S. cerevisiae	""	""
S000004561	YML094C-A	S. cerevisiae	""	""
S000004567	YML099W-A	S. cerevisiae	""	""
S000004569	YML101C-A	S. cerevisiae	""	""
S000004586	YML116W-A	S. cerevisiae	""	""
S000004634	YMR031W-A	S. cerevisiae	""	""
S000004655	YMR052C-A	S. cerevisiae	""	""
S000004661	YMR057C	S. cerevisiae	""	""
S000004679	YMR075C-A	S. cerevisiae	""	""
S000004691	YMR086C-A	S. cerevisiae	""	""
S000004726	YMR119W-A	S. cerevisiae	""	""
S000004743	YMR135W-A	S. cerevisiae	""	""
S000004759	YMR151W	S. cerevisiae	YIM2	""
S000004761	YMR153C-A	S. cerevisiae	""	""
S000004768	YMR158W-B	S. cerevisiae	""	""
S000004782	YMR172C-A	S. cerevisiae	""	""
S000004785	YMR173W-A	S. cerevisiae	""	""
S000004805	YMR193C-A	S. cerevisiae	""	""
S000004859	YMR245W	S. cerevisiae	""	""
S000004904	YMR290W-A	S. cerevisiae	""	""
S000004909	YMR294W-A	S. cerevisiae	""	""
S000004919	YMR304C-A	S. cerevisiae	""	""
S000004922	YMR306C-A	S. cerevisiae	""	""
S000004934	YMR316C-B	S. cerevisiae	""	""
S000004943	YMR324C	S. cerevisiae	""	""
S000004945	YMR326C	S. cerevisiae	""	""
S000004958	YNL013C	S. cerevisiae	""	""
S000004962	YNL017C	S. cerevisiae	""	""
S000004973	YNL028W	S. cerevisiae	""	""
S000004988	YNL043C	S. cerevisiae	""	""
S000005002	YNL057W	S. cerevisiae	""	""
S000005033	YNL089C	S. cerevisiae	""	""
S000005049	YNL105W	S. cerevisiae	RRT16	Regulator of rDNA Transcription
S000005053	YNL109W	S. cerevisiae	""	""
S000005058	YNL114C	S. cerevisiae	""	""
S000005064	YNL120C	S. cerevisiae	""	""
S000005094	YNL150W	S. cerevisiae	""	""
S000005114	YNL170W	S. cerevisiae	""	""
S000005115	YNL171C	S. cerevisiae	""	""
S000005118	YNL174W	S. cerevisiae	""	""
S000005123	YNL179C	S. cerevisiae	""	""
S000005142	YNL198C	S. cerevisiae	""	""
S000005147	YNL203C	S. cerevisiae	""	""
S000005149	YNL205C	S. cerevisiae	""	""
S000005170	YNL226W	S. cerevisiae	""	""
S000005172	YNL228W	S. cerevisiae	""	""
S000005179	YNL235C	S. cerevisiae	""	""
S000005210	YNL266W	S. cerevisiae	""	""
S000005220	YNL276C	S. cerevisiae	""	""
S000005229	YNL285W	S. cerevisiae	""	""
S000005240	YNL296W	S. cerevisiae	""	""
S000005247	YNL303W	S. cerevisiae	""	""
S000005263	YNL319W	S. cerevisiae	""	""
S000005268	YNL324W	S. cerevisiae	""	""
S000005281	YNL337W	S. cerevisiae	""	""
S000005282	YNL338W	S. cerevisiae	""	""
S000005288	YNR005C	S. cerevisiae	""	""
S000005308	YNR025C	S. cerevisiae	""	""
S000005325	YNR042W	S. cerevisiae	""	""
S000005395	YOL035C	S. cerevisiae	""	""
S000005397	YOL037C	S. cerevisiae	""	""
S000005406	YOL046C	S. cerevisiae	""	""
S000005410	YOL050C	S. cerevisiae	""	""
S000005439	YOL079W	S. cerevisiae	""	""
S000005459	YOL099C	S. cerevisiae	""	""
S000005466	YOL106W	S. cerevisiae	""	""
S000005494	YOL134C	S. cerevisiae	""	""
S000005510	YOL150C	S. cerevisiae	""	""
S000005526	YOL166C	S. cerevisiae	""	""
S000005539	YOR013W	S. cerevisiae	IRC11	Increased Recombination Centers
S000005550	YOR024W	S. cerevisiae	""	""
S000005567	YOR041C	S. cerevisiae	""	""
S000005576	YOR050C	S. cerevisiae	""	""
S000005579	YOR053W	S. cerevisiae	""	""
S000005581	YOR055W	S. cerevisiae	""	""
S000005608	YOR082C	S. cerevisiae	""	""
S000005628	YOR102W	S. cerevisiae	""	""
S000005647	YOR121C	S. cerevisiae	""	""
S000005661	YOR135C	S. cerevisiae	IRC14	""
S000005665	YOR139C	S. cerevisiae	""	""
S000005672	YOR146W	S. cerevisiae	""	""
S000005695	YOR169C	S. cerevisiae	""	""
S000005696	YOR170W	S. cerevisiae	""	""
S000005725	YOR199W	S. cerevisiae	""	""
S000005726	YOR200W	S. cerevisiae	""	""
S000005729	YOR203W	S. cerevisiae	""	""
S000005744	YOR218C	S. cerevisiae	""	""
S000005751	YOR225W	S. cerevisiae	""	""
S000005774	YOR248W	S. cerevisiae	""	""
S000005789	YOR263C	S. cerevisiae	""	""
S000005803	YOR277C	S. cerevisiae	""	""
S000005808	YOR282W	S. cerevisiae	""	""
S000005826	YOR300W	S. cerevisiae	""	""
S000005836	YOR309C	S. cerevisiae	""	""
S000005845	YOR318C	S. cerevisiae	""	""
S000005852	YOR325W	S. cerevisiae	""	""
S000005858	YOR331C	S. cerevisiae	""	""
S000005860	YOR333C	S. cerevisiae	""	""
S000005872	YOR345C	S. cerevisiae	""	""
S000005891	YOR364W	S. cerevisiae	""	""
S000005893	YOR366W	S. cerevisiae	""	""
S000005906	YOR379C	S. cerevisiae	""	""
S000005919	YOR392W	S. cerevisiae	""	""
S000005946	YPL025C	S. cerevisiae	""	""
S000005956	YPL035C	S. cerevisiae	""	""
S000005965	YPL044C	S. cerevisiae	""	""
S000005994	YPL073C	S. cerevisiae	""	""
S000006023	YPL102C	S. cerevisiae	""	""
S000006035	YPL114W	S. cerevisiae	""	""
S000006057	YPL136W	S. cerevisiae	""	""
S000006063	YPL142C	S. cerevisiae	""	""
S000006103	YPL182C	S. cerevisiae	""	""
S000006106	YPL185W	S. cerevisiae	""	""
S000006118	YPL197C	S. cerevisiae	""	""
S000006126	YPL205C	S. cerevisiae	""	""
S000006159	YPL238C	S. cerevisiae	""	""
S000006172	YPL251W	S. cerevisiae	""	""
S000006216	YPR012W	S. cerevisiae	""	""
S000006242	YPR038W	S. cerevisiae	IRC16	Increased Recombination Centers
S000006243	YPR039W	S. cerevisiae	""	""
S000006248	YPR044C	S. cerevisiae	OPI11	OverProducer of Inositol
S000006254	YPR050C	S. cerevisiae	""	""
S000006263	YPR059C	S. cerevisiae	""	""
S000006280	YPR076W	S. cerevisiae	""	""
S000006281	YPR077C	S. cerevisiae	""	""
S000006291	YPR087W	S. cerevisiae	VPS69	Vacuolar Protein Sorting
S000006296	YPR092W	S. cerevisiae	""	""
S000006327	YPR123C	S. cerevisiae	""	""
S000006330	YPR126C	S. cerevisiae	""	""
S000006334	YPR130C	S. cerevisiae	""	""
S000006340	YPR136C	S. cerevisiae	""	""
S000006346	YPR142C	S. cerevisiae	""	""
S000006350	YPR146C	S. cerevisiae	""	""
S000006354	YPR150W	S. cerevisiae	""	""
S000006374	YPR170C	S. cerevisiae	""	""
S000006381	YPR177C	S. cerevisiae	""	""
S000006401	YPR197C	S. cerevisiae	""	""
S000007229	YBL107W-A	S. cerevisiae	""	""
S000007230	YCR018C-A	S. cerevisiae	""	""
S000007231	YCR102W-A	S. cerevisiae	""	""
S000007238	YER091C-A	S. cerevisiae	""	""
S000007240	YGR122C-A	S. cerevisiae	""	""
S000007241	YIR020W-A	S. cerevisiae	""	""
S000007244	YKL162C-A	S. cerevisiae	""	""
S000007248	YMR046W-A	S. cerevisiae	""	""
S000007250	YMR194C-A	S. cerevisiae	""	""
S000007252	YOL013W-B	S. cerevisiae	""	""
S000007254	YPR002C-A	S. cerevisiae	""	""
S000007257	Q0010	S. cerevisiae	""	""
S000007258	Q0017	S. cerevisiae	""	""
S000007259	Q0032	S. cerevisiae	""	""
S000007269	Q0092	S. cerevisiae	""	""
S000007276	Q0142	S. cerevisiae	""	""
S000007277	Q0143	S. cerevisiae	""	""
S000007278	Q0144	S. cerevisiae	""	""
S000007280	Q0182	S. cerevisiae	""	""
S000007284	Q0297	S. cerevisiae	""	""
S000007593	YBR103C-A	S. cerevisiae	""	""
S000007594	YBR191W-A	S. cerevisiae	""	""
S000007597	YCR038W-A	S. cerevisiae	""	""
S000007598	YDL114W-A	S. cerevisiae	""	""
S000007600	YDL185C-A	S. cerevisiae	""	""
S000007601	YDL240C-A	S. cerevisiae	""	""
S000007602	YDL247W-A	S. cerevisiae	""	""
S000007612	YJL127W-A	S. cerevisiae	""	""
S000007613	YJL156W-A	S. cerevisiae	""	""
S000007617	YKL165C-A	S. cerevisiae	""	""
S000007619	YLR149C-A	S. cerevisiae	""	""
S000007622	YMR013W-A	S. cerevisiae	""	""
S000007623	YNL067W-A	S. cerevisiae	""	""
S000007625	YNR001W-A	S. cerevisiae	""	""
S000007628	YOR008W-B	S. cerevisiae	""	""
S000007629	YOR314W-A	S. cerevisiae	""	""
S000007630	YPR016W-A	S. cerevisiae	""	""
S000007631	YPR074W-A	S. cerevisiae	""	""
S000007632	YCR097W-A	S. cerevisiae	""	""
S000028528	YAL016C-B	S. cerevisiae	""	""
S000028530	YBL068W-A	S. cerevisiae	""	""
S000028533	YBR076C-A	S. cerevisiae	""	""
S000028540	YDR183C-A	S. cerevisiae	""	""
S000028543	YDR406W-A	S. cerevisiae	""	""
S000028544	YEL020C-B	S. cerevisiae	""	""
S000028545	YEL050W-A	S. cerevisiae	""	""
S000028554	YHR180C-B	S. cerevisiae	""	""
S000028555	YHR180W-A	S. cerevisiae	""	""
S000028563	YLR154W-B	S. cerevisiae	""	""
S000028568	YLR222C-A	S. cerevisiae	""	""
S000028575	YMR141W-A	S. cerevisiae	""	""
S000028578	YMR307C-A	S. cerevisiae	""	""
S000028582	YOR072W-A	S. cerevisiae	""	""
S000028583	YOR073W-A	S. cerevisiae	""	""
S000028585	YOR329W-A	S. cerevisiae	""	""
S000028589	YPL250W-A	S. cerevisiae	""	""
S000028591	YPR169W-A	S. cerevisiae	""	""
S000028592	YAL037C-B	S. cerevisiae	""	""
S000028594	YAL068W-A	S. cerevisiae	""	""
S000028596	YBL006W-A	S. cerevisiae	""	""
S000028599	YBL113W-A	S. cerevisiae	""	""
S000028601	YBR131C-A	S. cerevisiae	""	""
S000028602	YBR141W-A	S. cerevisiae	""	""
S000028604	YBR223W-A	S. cerevisiae	""	""
S000028607	YCR045W-A	S. cerevisiae	""	""
S000028608	YCR047W-A	S. cerevisiae	""	""
S000028609	YCR081C-A	S. cerevisiae	""	""
S000028610	YDL025W-A	S. cerevisiae	""	""
S000028611	YDL086C-A	S. cerevisiae	""	""
S000028612	YDL159C-B	S. cerevisiae	""	""
S000028613	YDR354C-A	S. cerevisiae	""	""
S000028614	YDR464C-A	S. cerevisiae	""	""
S000028615	YDR510C-A	S. cerevisiae	""	""
S000028616	YDR524C-A	S. cerevisiae	""	""
S000028617	YDR545C-A	S. cerevisiae	""	""
S000028618	YEL008C-A	S. cerevisiae	""	""
S000028619	YEL030C-A	S. cerevisiae	""	""
S000028620	YEL032C-A	S. cerevisiae	""	""
S000028621	YEL077W-A	S. cerevisiae	""	""
S000028622	YER023C-A	S. cerevisiae	""	""
S000028623	YER088W-B	S. cerevisiae	""	""
S000028624	YER158W-A	S. cerevisiae	""	""
S000028626	YER190C-A	S. cerevisiae	""	""
S000028628	YFL013W-A	S. cerevisiae	""	""
S000028629	YFL031C-A	S. cerevisiae	""	""
S000028631	YFR034W-A	S. cerevisiae	""	""
S000028633	YGL063C-A	S. cerevisiae	""	""
S000028634	YGL123C-A	S. cerevisiae	""	""
S000028637	YGR068W-A	S. cerevisiae	""	""
S000028641	YGR270C-A	S. cerevisiae	""	""
S000028642	YGR296C-A	S. cerevisiae	""	""
S000028643	YGR296C-B	S. cerevisiae	""	""
S000028644	YHL050W-A	S. cerevisiae	""	""
S000028646	YHR032C-A	S. cerevisiae	""	""
S000028647	YHR052W-A	S. cerevisiae	""	""
S000028648	YHR054W-A	S. cerevisiae	""	""
S000028649	YHR137C-A	S. cerevisiae	""	""
S000028655	YHR219C-A	S. cerevisiae	""	""
S000028656	YIL021C-A	S. cerevisiae	""	""
S000028658	YIL177W-A	S. cerevisiae	""	""
S000028659	YJL020W-A	S. cerevisiae	""	""
S000028660	YJL026C-A	S. cerevisiae	""	""
S000028663	YJL222W-A	S. cerevisiae	""	""
S000028664	YJL222W-B	S. cerevisiae	""	""
S000028665	YJL225W-A	S. cerevisiae	""	""
S000028666	YJR140W-A	S. cerevisiae	""	""
S000028668	YKL156C-A	S. cerevisiae	""	""
S000028669	YKR075W-A	S. cerevisiae	""	""
S000028670	YLL019W-A	S. cerevisiae	""	""
S000028671	YLL066W-A	S. cerevisiae	""	""
S000028673	YLL067W-A	S. cerevisiae	""	""
S000028674	YLR120W-A	S. cerevisiae	""	""
S000028675	YLR154W-A	S. cerevisiae	""	""
S000028676	YLR154W-E	S. cerevisiae	""	""
S000028679	YLR286W-A	S. cerevisiae	""	""
S000028680	YLR299C-A	S. cerevisiae	""	""
S000028681	YLR347W-A	S. cerevisiae	""	""
S000028682	YLR399W-A	S. cerevisiae	""	""
S000028684	YLR437C-A	S. cerevisiae	""	""
S000028685	YLR466C-A	S. cerevisiae	""	""
S000028686	YLR466C-B	S. cerevisiae	""	""
S000028687	YLR467C-A	S. cerevisiae	""	""
S000028689	YML133W-A	S. cerevisiae	""	""
S000028690	YML133W-B	S. cerevisiae	""	""
S000028695	YMR272W-A	S. cerevisiae	""	""
S000028700	YNL097W-A	S. cerevisiae	""	""
S000028701	YNL103W-A	S. cerevisiae	""	""
S000028702	YNL144W-A	S. cerevisiae	""	""
S000028703	YNL339W-A	S. cerevisiae	""	""
S000028704	YNL339W-B	S. cerevisiae	""	""
S000028705	YNR003W-A	S. cerevisiae	""	""
S000028708	YOL085W-A	S. cerevisiae	""	""
S000028711	YOR108C-A	S. cerevisiae	""	""
S000028713	YOR161W-A	S. cerevisiae	""	""
S000028714	YOR161W-B	S. cerevisiae	""	""
S000028715	YOR186C-A	S. cerevisiae	""	""
S000028716	YOR231C-A	S. cerevisiae	""	""
S000028717	YOR335W-A	S. cerevisiae	""	""
S000028719	YOR396C-A	S. cerevisiae	""	""
S000028720	YPL135C-A	S. cerevisiae	""	""
S000028722	YPL222C-A	S. cerevisiae	""	""
S000028723	YPL283W-A	S. cerevisiae	""	""
S000028724	YPL283W-B	S. cerevisiae	""	""
S000028726	YPR160C-A	S. cerevisiae	""	""
S000028727	YPR204C-A	S. cerevisiae	""	""
S000028728	YAL016C-A	S. cerevisiae	""	""
S000028729	YAL019W-A	S. cerevisiae	""	""
S000028730	YAL026C-A	S. cerevisiae	""	""
S000028731	YAL031W-A	S. cerevisiae	""	""
S000028733	YAL047W-A	S. cerevisiae	""	""
S000028734	YAL059C-A	S. cerevisiae	""	""
S000028735	YAR019W-A	S. cerevisiae	""	""
S000028737	YBR109W-A	S. cerevisiae	""	""
S000028738	YBR126W-B	S. cerevisiae	""	""
S000028742	YEL018C-A	S. cerevisiae	""	""
S000028743	YEL034C-A	S. cerevisiae	""	""
S000028744	YEL053W-A	S. cerevisiae	""	""
S000028745	YER006C-A	S. cerevisiae	""	""
S000028747	YER046W-A	S. cerevisiae	""	""
S000028748	YER067C-A	S. cerevisiae	""	""
S000028749	YER068C-A	S. cerevisiae	""	""
S000028750	YER076W-A	S. cerevisiae	""	""
S000028751	YER079C-A	S. cerevisiae	""	""
S000028752	YER084W-A	S. cerevisiae	""	""
S000028753	YER087C-A	S. cerevisiae	""	""
S000028754	YER088C-A	S. cerevisiae	""	""
S000028755	YER107W-A	S. cerevisiae	""	""
S000028756	YER133W-A	S. cerevisiae	""	""
S000028757	YER137W-A	S. cerevisiae	""	""
S000028759	YER147C-A	S. cerevisiae	""	""
S000028760	YER148W-A	S. cerevisiae	""	""
S000028761	YER152W-A	S. cerevisiae	""	""
S000028762	YER165C-A	S. cerevisiae	""	""
S000028763	YER172C-A	S. cerevisiae	""	""
S000028765	YFL015W-A	S. cerevisiae	""	""
S000028766	YFL021C-A	S. cerevisiae	""	""
S000028767	YFR036W-A	S. cerevisiae	""	""
S000028768	YFR052C-A	S. cerevisiae	""	""
S000028770	YHL002C-A	S. cerevisiae	""	""
S000028771	YHL006W-A	S. cerevisiae	""	""
S000028772	YHL019W-A	S. cerevisiae	""	""
S000028773	YHL030W-A	S. cerevisiae	""	""
S000028774	YHL034W-A	S. cerevisiae	""	""
S000028775	YHL046W-A	S. cerevisiae	""	""
S000028776	YHR028W-A	S. cerevisiae	""	""
S000028777	YHR056W-A	S. cerevisiae	""	""
S000028778	YHR063W-A	S. cerevisiae	""	""
S000028779	YHR069C-A	S. cerevisiae	""	""
S000028780	YHR070C-A	S. cerevisiae	""	""
S000028781	YHR071C-A	S. cerevisiae	""	""
S000028782	YHR131W-A	S. cerevisiae	""	""
S000028783	YHR165W-A	S. cerevisiae	""	""
S000028784	YHR182C-A	S. cerevisiae	""	""
S000028785	YHR193C-A	S. cerevisiae	""	""
S000028786	YHR218W-A	S. cerevisiae	""	""
S000028787	YIL020C-A	S. cerevisiae	""	""
S000028788	YIL029W-A	S. cerevisiae	""	""
S000028789	YIL030W-A	S. cerevisiae	""	""
S000028790	YIL047C-A	S. cerevisiae	""	""
S000028791	YIL066W-A	S. cerevisiae	""	""
S000028792	YIL068W-A	S. cerevisiae	""	""
S000028793	YIL071W-A	S. cerevisiae	""	""
S000028794	YIL100C-A	S. cerevisiae	""	""
S000028795	YIL115W-A	S. cerevisiae	""	""
S000028796	YIL142C-A	S. cerevisiae	""	""
S000028797	YIL156W-A	S. cerevisiae	""	""
S000028798	YIL171W-A	S. cerevisiae	""	""
S000028799	YIR017W-A	S. cerevisiae	""	""
S000028800	YIR020C-B	S. cerevisiae	""	""
S000028801	YIR023C-A	S. cerevisiae	""	""
S000028802	YIR030W-A	S. cerevisiae	""	""
S000028803	YIR036W-A	S. cerevisiae	""	""
S000028809	YML031C-A	S. cerevisiae	""	""
S000028814	YBL039C-A	S. cerevisiae	""	""
S000028815	YBR121C-A	S. cerevisiae	""	""
S000028820	YDR118W-A	S. cerevisiae	""	""
S000028821	YDR320W-B	S. cerevisiae	""	""
S000028822	YDR371C-A	S. cerevisiae	""	""
S000028823	YFR009W-A	S. cerevisiae	""	""
S000028824	YFR010W-A	S. cerevisiae	""	""
S000028825	YGL014C-A	S. cerevisiae	""	""
S000028831	YHR032W-A	S. cerevisiae	""	""
S000028833	YHR073C-B	S. cerevisiae	""	""
S000028834	YHR073W-A	S. cerevisiae	""	""
S000028839	YJL197C-A	S. cerevisiae	""	""
S000028840	YKL100W-A	S. cerevisiae	""	""
S000028841	YKL145W-A	S. cerevisiae	""	""
S000028843	YLR154W-F	S. cerevisiae	""	""
S000028844	YLR163W-A	S. cerevisiae	""	""
S000028846	YLR364C-A	S. cerevisiae	""	""
S000028847	YMR013C-A	S. cerevisiae	""	""
S000028853	YOL083C-A	S. cerevisiae	""	""
S000028860	YPR160W-A	S. cerevisiae	""	""
S000028861	YPR170W-A	S. cerevisiae	""	""
S000029725	YER090C-A	S. cerevisiae	""	""
S000087087	YBR056C-B	S. cerevisiae	""	""
